/*

*/

ALTER TABLE 
   ACCOUNT 
MODIFY 
   ( 
   atmpin varchar2(100)
   )
;

INSERT INTO BANK_BRANCH VALUES(1, 'Sta. Cruz Laguna');
INSERT INTO BANK_BRANCH VALUES(2, 'Los Banos Laguna');
INSERT INTO BANK_BRANCH VALUES(3, 'Calamba Laguna');
INSERT INTO BANK_BRANCH VALUES(4, 'Sorsogon');

INSERT INTO EMPLOYEE VALUES(1001,'Gladys', 'Agnasan', 'Ching', 'female', 1, 1);
INSERT INTO EMPLOYEE VALUES(1002,'Richelle', 'Ching', 'Tobias', 'female', 1, 0);
INSERT INTO EMPLOYEE VALUES(1003,'Lara', 'Ching', 'Caro', 'female', 1, 0);
INSERT INTO EMPLOYEE VALUES(1004,'Chazel', 'Endrinal', 'Arizabal', 'female', 2, 1);
INSERT INTO EMPLOYEE VALUES(1005,'Chester', 'Endrinal', 'Arizabal', 'male', 2, 0);
INSERT INTO EMPLOYEE VALUES(1006,'Jessel', 'Dealca', 'Esquinas', 'female', 3, 1);
INSERT INTO EMPLOYEE VALUES(1007,'Maritess', 'Mendoza', 'Verana', 'female', 3, 0);
INSERT INTO EMPLOYEE VALUES(1008,'Ivan', 'Mendoza', 'Escamos', 'male', 3, 0);

INSERT INTO ACCOUNT VALUES(1234567890, 'atm', 10000.50, md5(md5(1234)), '', 1);
INSERT INTO ACCOUNT VALUES(1234567891, 'atm', 20000, md5(md5(1234)), '', 2);
INSERT INTO ACCOUNT VALUES(1234567892, 'atm', 20000, md5(md5(1234)), '', 3);
INSERT INTO ACCOUNT VALUES(1234567893, 'personalsavings', 20000, '', '', 4);
INSERT INTO ACCOUNT VALUES(1234567894, 'personalsavings', 1000000.50, '', '', 2);
INSERT INTO ACCOUNT VALUES(1234567895, 'compsavings', 30000, '', 'MERALCO', 1);
INSERT INTO ACCOUNT VALUES(1234567896, 'compsavings', 30000, '', 'Baygon', 1);

INSERT INTO BILLERLIST VALUES(1234567895, 'MERALCO');
INSERT INTO BILLERLIST VALUES(1234567896, 'Baygon');

INSERT INTO BILLER_CUST VALUES(11111111111, 1234567895, 'Zenith Arnejo');
INSERT INTO BILLER_CUST VALUES(11111111112, 1234567895, 'Reginald Recario');
INSERT INTO BILLER_CUST VALUES(11111111113, 1234567896, 'Maritess V');

INSERT INTO BILLS VALUES (1, 1234567895, 11111111111, 1000.5, SYSDATE);
INSERT INTO BILLS VALUES (2, 1234567896, 11111111112, 1000, SYSDATE);
INSERT INTO BILLS VALUES (3, 1234567895, 11111111112, 2000, SYSDATE);


